aptenodytes_forsteri	aptenodytes_forsteri	18	NA	18	aptenodytes_forsteri
aptenodytes_forsteri	egret_penguin	1	NA	1	aptenodytes_forsteri
anas_platyrhynchos	anas_platyrhynchos	90	NA	90	anas_platyrhynchos
anas_platyrhynchos	gallus_gallus	14	NA	14	anas_platyrhynchos
manacus_vitellinus	both_finches_crow_manakin	3	NA	3	manacus_vitellinus
manacus_vitellinus	gallus_gallus	3	NA	3	manacus_vitellinus
manacus_vitellinus	manacus_vitellinus	19	NA	19	manacus_vitellinus
columba_livia	columba_livia	68	NA	68	columba_livia
columba_livia	gallus_gallus	9	NA	9	columba_livia
geospiza_fortis	both_finches	1	NA	1	geospiza_fortis
geospiza_fortis	both_finches_crow	1	NA	1	geospiza_fortis
geospiza_fortis	gallus_gallus	2	NA	2	geospiza_fortis
geospiza_fortis	geospiza_fortis	15	NA	15	geospiza_fortis
corvus_brachyrhynchos	both_finches_crow	1	NA	1	corvus_brachyrhynchos
corvus_brachyrhynchos	both_finches_crow_manakin	1	NA	1	corvus_brachyrhynchos
corvus_brachyrhynchos	corvus_brachyrhynchos	20	NA	20	corvus_brachyrhynchos
corvus_brachyrhynchos	gallus_gallus	1	NA	1	corvus_brachyrhynchos
cuculus_canorus	anolis_carolinensis	1	NA	1	NA
cuculus_canorus	cuculus_canorus	66	NA	66	cuculus_canorus
cuculus_canorus	egretta_garzetta	1	NA	1	NA
cuculus_canorus	gallus_gallus	8	NA	8	cuculus_canorus
struthio_camelus	gallus_gallus	2	NA	2	struthio_camelus
struthio_camelus	neognathae	1	NA	1	struthio_camelus
struthio_camelus	struthio_camelus	13	NA	13	struthio_camelus
anolis_carolinensis	anolis_carolinensis	42	NA	42	anolis_carolinensis
anolis_carolinensis	aptenodytes_forsteri	1	NA	1	NA
anolis_carolinensis	columba_livia	1	NA	1	NA
anolis_carolinensis	cuculus_canorus	1	NA	1	NA
anolis_carolinensis	neognathae	1	NA	1	anolis_carolinensis
egretta_garzetta	anolis_carolinensis	1	NA	1	NA
egretta_garzetta	egretta_garzetta	21	NA	21	egretta_garzetta
